accuracy,f1_macro,f1_weighted,precision_macro,recall_macro,f1_Biliary_Leaks,f1_Lithiasis,f1_Normal,f1_Stricture,auc_macro,model,n_checkpoints,tta
0.7602996254681648,0.6861429611015308,0.7599634506524814,0.7345238095238096,0.6813936011159994,0.46153846153846156,0.7984189723320159,0.6792452830188679,0.8053691275167785,0.9229371470259383,convnext_top3,3,True
