accuracy,f1_macro,f1_weighted,precision_macro,recall_macro,f1_Biliary_Leaks,f1_Lithiasis,f1_Normal,f1_Stricture,auc_macro,model,n_checkpoints,tta
0.7490636704119851,0.6682890605906793,0.7497960469158631,0.6982512543953221,0.6639517406508831,0.42857142857142855,0.792156862745098,0.6470588235294118,0.8053691275167785,0.9150668720693816,convnext_top2,2,True
