accuracy,f1_macro,f1_weighted,precision_macro,recall_macro,f1_Biliary_Leaks,f1_Lithiasis,f1_Normal,f1_Stricture,auc_macro,model,n_checkpoints,tta
0.7565543071161048,0.7042526526980111,0.7572017839984863,0.7353342387385221,0.7018767943933104,0.5517241379310345,0.792156862745098,0.6923076923076923,0.7808219178082192,0.9256733182140616,convnext_tiny_focal_ensemble5,5,True
