accuracy,f1_macro,f1_weighted,precision_macro,recall_macro,f1_Biliary_Leaks,f1_Lithiasis,f1_Normal,f1_Stricture,auc_macro,model,n_checkpoints,tta
0.7378277153558053,0.6795224158239009,0.7383577656581277,0.6901580198785304,0.6784758004165932,0.5161290322580645,0.7808764940239044,0.6597938144329897,0.7612903225806451,0.9047858722167732,densenet121_focal_ensemble5,5,True
