accuracy,f1_macro,f1_weighted,precision_macro,recall_macro,f1_Biliary_Leaks,f1_Lithiasis,f1_Normal,f1_Stricture,auc_macro,model
0.6891385767790262,0.5868658269540511,0.6870454537290139,0.60919372427376,0.6132621653312488,0.24,0.7256637168141593,0.6333333333333333,0.7484662576687117,0.8570526153163254,densenet121_focal_V2b
