accuracy,f1_macro,f1_weighted,precision_macro,recall_macro,f1_Biliary_Leaks,f1_Lithiasis,f1_Normal,f1_Stricture,auc_macro,model
0.3295880149812734,0.3215790220675762,0.2927766194189321,0.44384202106208576,0.497084781161472,0.25,0.13432835820895522,0.448,0.4539877300613497,0.722554359765261,densenet121_focal_SMOKE
