accuracy,f1_macro,f1_weighted,precision_macro,recall_macro,f1_Biliary_Leaks,f1_Lithiasis,f1_Normal,f1_Stricture,auc_macro,model
0.6816479400749064,0.5315015134170922,0.6686832267850982,0.5648187231264492,0.5199581817979603,0.16,0.7608695652173914,0.4634146341463415,0.7417218543046358,0.8446717831724206,densenet121_focal_E4
