accuracy,f1_macro,f1_weighted,precision_macro,recall_macro,f1_Biliary_Leaks,f1_Lithiasis,f1_Normal,f1_Stricture,auc_macro,model
0.6779026217228464,0.6464168395955672,0.6857253182958363,0.6364038425685269,0.7159549866458211,0.52,0.7068965517241379,0.6545454545454545,0.704225352112676,0.8846174155908537,densenet121_focal_V2
