accuracy,f1_macro,f1_weighted,precision_macro,recall_macro,f1_Biliary_Leaks,f1_Lithiasis,f1_Normal,f1_Stricture,auc_macro,model
0.4044943820224719,0.3592754632652765,0.39578449101350227,0.37671703296703296,0.36830950474347424,0.3157894736842105,0.48028673835125446,0.3076923076923077,0.3333333333333333,0.6497491764285246,efficientnet_b0_weighted_cross_entropy_E2
