accuracy,f1_macro,f1_weighted,precision_macro,recall_macro,f1_Biliary_Leaks,f1_Lithiasis,f1_Normal,f1_Stricture,auc_macro,model
0.4794007490636704,0.42705599784945814,0.46368941351560766,0.48401124803988577,0.4297611699245779,0.42857142857142855,0.6036363636363636,0.35398230088495575,0.3220338983050847,0.6929455997772649,efficientnet_b0_clahe_weighted_cross_entropy_E3
