accuracy,f1_macro,f1_weighted,precision_macro,recall_macro,f1_Biliary_Leaks,f1_Lithiasis,f1_Normal,f1_Stricture,auc_macro,model
0.4794007490636704,0.35060983056954165,0.43916162958062865,0.43229166666666663,0.360725586320745,0.1,0.5967213114754099,0.4175824175824176,0.288135593220339,0.7159810049575809,efficientnet_b0_weighted_cross_entropy_sampler_E5
