accuracy,f1_macro,f1_weighted,precision_macro,recall_macro,f1_Biliary_Leaks,f1_Lithiasis,f1_Normal,f1_Stricture,auc_macro,model
0.5205992509363296,0.4466642422106244,0.5260261508775473,0.44319170728261637,0.45642484163262587,0.23255813953488372,0.6065573770491803,0.4318181818181818,0.5157232704402516,0.7654790964942781,resnet18_weighted_cross_entropy_E0
