accuracy,f1_macro,f1_weighted,precision_macro,recall_macro,f1_Biliary_Leaks,f1_Lithiasis,f1_Normal,f1_Stricture,auc_macro,model
0.6067415730337079,0.5093607476256787,0.5946980143049124,0.5339342507064027,0.5054522943607392,0.34285714285714286,0.7188612099644128,0.425,0.5507246376811594,0.8384758713848475,resnet18_clahe_weighted_cross_entropy_E1
