accuracy,f1_macro,f1_weighted,precision_macro,recall_macro,f1_Biliary_Leaks,f1_Lithiasis,f1_Normal,f1_Stricture,auc_macro,model,n_checkpoints,tta,combine,archs
0.7827715355805244,0.7306120993540762,0.7838807380498688,0.7630113908090952,0.7321670869141758,0.5714285714285714,0.8130081300813008,0.7222222222222222,0.8157894736842105,0.935401628282271,E6_ensemble_mixed_avg,10.0,none,avg,"convnext_tiny,densenet121"
0.7940074906367042,0.7482579281647452,0.8010119977203841,0.7264645150095437,0.7944404789709416,0.6222222222222222,0.8220338983050848,0.6808510638297872,0.8679245283018868,0.9369982973718204,E6_ensemble_mixed,10.0,none,stack,"convnext_tiny,densenet121"
0.7453183520599251,0.6729712222576192,0.7469995255214195,0.6977261184391914,0.6689238088882745,0.4666666666666667,0.7906976744186046,0.64,0.7945205479452054,0.9098427936552348,convnext_tiny_focal_E4_seed42,,,,
0.5468164794007491,0.5447105123111929,0.5462445356252515,0.5245863354722752,0.6018851953713987,0.5581395348837209,0.5170731707317073,0.4864864864864865,0.6171428571428571,0.8097818203372101,deit_tiny_focal_E5,,,,
0.5955056179775281,0.5420647107080467,0.5988169745543198,0.5426205832455833,0.5541618802938079,0.375,0.6239316239316239,0.5233644859813084,0.6459627329192547,0.8453012494004997,densenet121_focal_E2_seed42,,,,
0.6179775280898876,0.5470362013638187,0.6107516852430249,0.5992804492804493,0.5209865568462212,0.4444444444444444,0.6787003610108303,0.425,0.64,0.8116765493572402,efficientnet_b0_clahe_weighted_cross_entropy_E1,,,,
0.6441947565543071,0.6130499139414802,0.6434762742784943,0.6135155933252245,0.6133145969675449,0.5714285714285714,0.688,0.5542168674698795,0.6385542168674698,0.8245704064728671,efficientnet_b0_weighted_cross_entropy_sampler_E3,,,,
0.5767790262172284,0.5442451071761416,0.5822191040323547,0.5326140873015873,0.5735128282736804,0.4,0.6126126126126126,0.5977011494252874,0.5666666666666667,0.8355768681230742,resnet18_clahe_weighted_cross_entropy_E0,,,,
