accuracy,f1_macro,f1_weighted,precision_macro,recall_macro,f1_Biliary_Leaks,f1_Lithiasis,f1_Normal,f1_Stricture,auc_macro,model
0.7453183520599251,0.6729712222576192,0.7469995255214195,0.6977261184391914,0.6689238088882745,0.4666666666666667,0.7906976744186046,0.64,0.7945205479452054,0.9098427936552347,convnext_tiny_focal_E4_seed42
