accuracy,f1_macro,f1_weighted,precision_macro,recall_macro,f1_Biliary_Leaks,f1_Lithiasis,f1_Normal,f1_Stricture,auc_macro,model
0.6329588014981273,0.577022991387447,0.6466039954039282,0.5848199678673702,0.6433034075797079,0.3333333333333333,0.6358974358974359,0.578125,0.7607361963190185,0.845660396559462,convnext_tiny_focal_E4_seed2024
