accuracy,f1_macro,f1_weighted,precision_macro,recall_macro,f1_Biliary_Leaks,f1_Lithiasis,f1_Normal,f1_Stricture,auc_macro,model
0.7265917602996255,0.6693237267628134,0.7328676231158338,0.6734512260331524,0.6759800346684335,0.5555555555555556,0.7747035573122529,0.5416666666666666,0.8053691275167785,0.8709259952485469,convnext_tiny_focal_E4_seed42
