accuracy,f1_macro,f1_weighted,precision_macro,recall_macro,f1_Biliary_Leaks,f1_Lithiasis,f1_Normal,f1_Stricture,auc_macro,model
0.7453183520599251,0.6869469832569075,0.7516886072347654,0.6717826611461932,0.7135428334691789,0.5128205128205128,0.7672413793103449,0.6262626262626263,0.8414634146341463,0.9042717085092874,convnext_tiny_focal_E4_seed123
