accuracy,f1_macro,f1_weighted,precision_macro,recall_macro,f1_Biliary_Leaks,f1_Lithiasis,f1_Normal,f1_Stricture,auc_macro,model
0.6104868913857678,0.5068060638738209,0.6238405427631512,0.5115936694884063,0.5361677002054367,0.10256410256410256,0.6542056074766355,0.5454545454545454,0.725,0.8226969129085604,convnext_tiny_focal_E4_seed777
