accuracy,f1_macro,f1_weighted,precision_macro,recall_macro,f1_Biliary_Leaks,f1_Lithiasis,f1_Normal,f1_Stricture,auc_macro,model
0.7078651685393258,0.537431509524748,0.6966663130932185,0.5295706630109671,0.5797359074089079,0.0,0.7717842323651453,0.6016260162601627,0.7763157894736842,0.8382270758043167,convnext_tiny_focal_E4_seed7
