accuracy,f1_macro,f1_weighted,precision_macro,recall_macro,f1_Biliary_Leaks,f1_Lithiasis,f1_Normal,f1_Stricture,auc_macro,model
0.45318352059925093,0.4761974040081582,0.4524602668120024,0.4775524826918782,0.48282089353041274,0.5625,0.42857142857142855,0.4444444444444444,0.4692737430167598,0.7744453203748429,deit_tiny_focal_E5
