accuracy,f1_macro,f1_weighted,precision_macro,recall_macro,f1_Biliary_Leaks,f1_Lithiasis,f1_Normal,f1_Stricture,auc_macro,model
0.5468164794007491,0.5447105123111929,0.5462445356252515,0.5245863354722752,0.6018851953713987,0.5581395348837209,0.5170731707317073,0.4864864864864865,0.6171428571428571,0.8097818203372101,deit_tiny_focal_E5
