accuracy,f1_macro,f1_weighted,precision_macro,recall_macro,f1_Biliary_Leaks,f1_Lithiasis,f1_Normal,f1_Stricture,auc_macro,model
0.6891385767790262,0.6364602110221838,0.6805826122783106,0.7646356685910438,0.6220082190561987,0.5217391304347826,0.753731343283582,0.6481481481481481,0.6222222222222222,0.8996447727005796,densenet121_focal_E2_seed2024
