accuracy,f1_macro,f1_weighted,precision_macro,recall_macro,f1_Biliary_Leaks,f1_Lithiasis,f1_Normal,f1_Stricture,auc_macro,model
0.704119850187266,0.5842246526181887,0.7011956452017118,0.6163348946135832,0.5864291831309949,0.2222222222222222,0.7756653992395437,0.5961538461538461,0.7428571428571429,0.8799068765926196,densenet121_focal_E2_seed7
