accuracy,f1_macro,f1_weighted,precision_macro,recall_macro,f1_Biliary_Leaks,f1_Lithiasis,f1_Normal,f1_Stricture,auc_macro,model
0.7153558052434457,0.6178941849494931,0.7116930282496702,0.6444771125366279,0.6212627563787851,0.3076923076923077,0.7649402390438247,0.6538461538461539,0.7450980392156863,0.8902510903530945,densenet121_focal_E2_seed42
