accuracy,f1_macro,f1_weighted,precision_macro,recall_macro,f1_Biliary_Leaks,f1_Lithiasis,f1_Normal,f1_Stricture,auc_macro,model
0.6441947565543071,0.533162900518443,0.6446629774516938,0.551626559714795,0.5667551053319796,0.16,0.7027027027027027,0.578125,0.6918238993710691,0.8412675067329303,densenet121_focal_E2_seed777
