accuracy,f1_macro,f1_weighted,precision_macro,recall_macro,f1_Biliary_Leaks,f1_Lithiasis,f1_Normal,f1_Stricture,auc_macro,model
0.6441947565543071,0.5644079667090427,0.649297111901258,0.5753201362781954,0.5787040567786956,0.3333333333333333,0.7250996015936255,0.5420560747663551,0.6571428571428571,0.8262174232629274,densenet121_focal_E2_seed123
