accuracy,f1_macro,f1_weighted,precision_macro,recall_macro,f1_Biliary_Leaks,f1_Lithiasis,f1_Normal,f1_Stricture,auc_macro,model
0.5955056179775281,0.5420647107080467,0.5988169745543198,0.5426205832455833,0.5541618802938079,0.375,0.6239316239316239,0.5233644859813084,0.6459627329192547,0.8453012494004997,densenet121_focal_E2_seed42
