accuracy,f1_macro,f1_weighted,precision_macro,recall_macro,f1_Biliary_Leaks,f1_Lithiasis,f1_Normal,f1_Stricture,auc_macro,model,n_checkpoints,tta,combine,archs
0.7790262172284644,0.7399831894048942,0.7865276105569321,0.71593111121413,0.7970964193958923,0.6382978723404256,0.8068669527896996,0.6666666666666666,0.8481012658227848,0.9299153713370796,E6_ensemble_mixed,10,none,stack,"convnext_tiny,densenet121"
