accuracy,f1_macro,f1_weighted,precision_macro,recall_macro,f1_Biliary_Leaks,f1_Lithiasis,f1_Normal,f1_Stricture,auc_macro,model,n_checkpoints,tta,combine,archs
0.7752808988764045,0.6664311769123484,0.7757708078934161,0.7026486023420215,0.6783455157445848,0.32,0.8200836820083682,0.6666666666666666,0.8589743589743589,0.9152847270817062,E6_ensemble_mixed_avg,10,none,avg,"convnext_tiny,densenet121"
