accuracy,f1_macro,f1_weighted,precision_macro,recall_macro,f1_Biliary_Leaks,f1_Lithiasis,f1_Normal,f1_Stricture,auc_macro,model
0.6441947565543071,0.6130499139414802,0.6434762742784943,0.6135155933252245,0.6133145969675449,0.5714285714285714,0.688,0.5542168674698795,0.6385542168674698,0.8245704064728671,efficientnet_b0_weighted_cross_entropy_sampler_E3
