accuracy,f1_macro,f1_weighted,precision_macro,recall_macro,f1_Biliary_Leaks,f1_Lithiasis,f1_Normal,f1_Stricture,auc_macro,model
0.5767790262172284,0.5442451071761416,0.5822191040323547,0.5326140873015873,0.5735128282736804,0.4,0.6126126126126126,0.5977011494252874,0.5666666666666667,0.8355768681230742,resnet18_clahe_weighted_cross_entropy_E0
